Summary,Issue key,Issue id,Issue Type,Status,Project key,Project name,Project type,Project lead,Project lead id,Project description,Project url,Priority,Resolution,Assignee,Assignee Id,Reporter,Reporter Id,Creator,Creator Id,Created,Updated,Last Viewed,Resolved,Components,Due date,Votes,Description,Environment,Watchers,Watchers,Watchers Id,Watchers Id,Original estimate,Remaining Estimate,Time Spent,Work Ratio,Σ Original Estimate,Σ Remaining Estimate,Σ Time Spent,Security Level,Custom field (3P/OSS - 3P Libraries/OSS Review in Scope),Custom field (3P/OSS - Launcher’s Assessment & Context on Review Request),Custom field (API Changes),Custom field (ATL Score),Custom field (ATL delegate),Custom field (ATL owner),Custom field (AV Support Category),Custom field (Accessibility - Launcher’s Assessment & Context on Review Request),Custom field (Actual Behavior (CTMS)),Custom field (Additional Information),Custom field (Additional Notes),Custom field (Adverse Event?),Custom field (Affected hardware),Custom field (Affected services),Custom field (Approvals),Custom field (Approver for  Quality Review (AUTO)),Custom field (Approver for 3P Libraries/OSS Review (AUTO)),Custom field (Approver for Accessibility Review (AUTO)),Custom field (Approver for Clinical Review (AUTO)),Custom field (Approver for Customer Support Review (AUTO)),Custom field (Approver for Data Management Review (AUTO)),Custom field (Approver for Engineering Review (AUTO)),Custom field (Approver for IT Review (AUTO)),Custom field (Approver for Legal Review (AUTO)),Custom field (Approver for Marketing and Communications Review (AUTO)),Custom field (Approver for PA Lead Review (AUTO)),Custom field (Approver for Privacy Review (AUTO)),Custom field (Approver for Product Review (AUTO)),Custom field (Approver for Regulatory Review (AUTO)),Custom field (Approver for Research Review (AUTO)),Custom field (Approver for Security Review (AUTO)),Custom field (Approver for UX Design Review (AUTO)),Custom field (Approver for UX Research Review (AUTO)),Custom field (Approver for Verily IP Review (AUTO)),Custom field (Asset DNS Name),Custom field (Assistant Incident Commander (aIC)),Custom field (Atlassian project),Custom field (Atlassian project status),Custom field (Avlo ID),Custom field (Backout plan),Custom field (Begin Date),Custom field (Breakglass Duration),Custom field (Breakglass Group),Custom field (Breaking Change Concerns),Custom field (Brief Description of Product/Change),Custom field (Brief Description of Product/Change (AUTO)),Custom field (Build Record Link),Custom field (CAPA/RMA Number Reference),Custom field (CR Progress State),Custom field (CVSSv2 Temporal Score),Custom field (CVSSv3 Temporal Score),Custom field (Category),Custom field (Change Control Category),Custom field (Change Impact Assessment),Custom field (Change Owner),Custom field (Change completion date),Custom field (Change reason),Custom field (Change reason (migrated 2)),Custom field (Change risk),Custom field (Change risk (migrated 2)),Custom field (Change start date),Custom field (Change type),Custom field (Change type (migrated 2)),Custom field (City),Custom field (Clinical - Impact),Custom field (Clinical - Launcher’s Assessment & Context on Review Request),Custom field (Clinical LGTM),Custom field (Clinical Return Reason),Custom field (Clinical Return Type),Custom field (Closure SLO),Custom field (Comments),Custom field (Commercial Return Reason),Custom field (Commercial Return Type),Custom field (Communication Channel),Custom field (Communications Lead (CL)),Custom field (Company),Custom field (Company size),Custom field (Complaint Number Reference),Custom field (Complexity),Custom field (Contact Type),Custom field (Containment SLO),Custom field (Currency),Custom field (Customer Support - Changes),Custom field (Customer Support - Customer or Partner Facing Impact ),Custom field (Customer Support - Impacted),Custom field (Customer Support - Launcher’s Assessment & Context on Review Request),Custom field (DM - Data Management Review in Scope),Custom field (DM - Launcher’s Assessment & Context on Review Request),Custom field (Data source),Custom field (Date Completed 3P Libraries/OSS Review (AUTO)),Custom field (Date Completed Accessibility Review (AUTO)),Custom field (Date Completed Clinical Review (AUTO)),Custom field (Date Completed Customer Support Review (AUTO)),Custom field (Date Completed Data Management Review (AUTO)),Custom field (Date Completed Engineering Review (AUTO)),Custom field (Date Completed IT Review (AUTO)),Custom field (Date Completed Legal Review (AUTO)),Custom field (Date Completed Marketing and Communications Review (AUTO)),Custom field (Date Completed PA Lead Review (AUTO)),Custom field (Date Completed Privacy Review (AUTO)),Custom field (Date Completed Product Review (AUTO)),Custom field (Date Completed Quality Review (AUTO)),Custom field (Date Completed Regulatory Review (AUTO)),Custom field (Date Completed Research Review (AUTO)),Custom field (Date Completed Security Review (AUTO)),Custom field (Date Completed UX Design Review (AUTO)),Custom field (Date Completed UX Research Review (AUTO)),Custom field (Date Completed Verily IP Review (AUTO)),Custom field (Date End Pending Review (AUTO)),Custom field (Date Launch Approved (AUTO)),Custom field (Date Launched (AUTO)),Custom field (Date Received at Verily),Custom field (Date Replacement/Exchange Device Shipped from Verily ),Custom field (Date Review Ready (AUTO)),Custom field (Date Start Pending Review (AUTO)),Custom field (Date Targeted for Approval),Custom field (Date Targeted for Approval (AUTO)),Custom field (Date Verified),Custom field (Date Verified - v1),Custom field (Date of First Requested Review (AUTO)),Custom field (Date of First Review Completion (AUTO)),Custom field (Date of First Review Request (AUTO)),Custom field (Date of hire),Custom field (Days in Pending Review (AUTO)),Custom field (Days in Pending Review Grand Total (AUTO)),Custom field (Days in Pending Review Running Total (AUTO)),Custom field (Defect Category),Custom field (Defect Environment),Custom field (Defect Impact Assessment),Custom field (Defect Impacting Customers in Production?),Custom field (Delivery progress),Custom field (Delivery status),Custom field (Demo Link),Custom field (Demo Link (AUTO)),Custom field (Department),Custom field (Department),Custom field (Design Doc Link),Custom field (Design Doc Link (AUTO)),Custom field (Design Doc URL),Custom field (Design Output(s) Impact),Custom field (Design Transfer Activities),Custom field (Design Validation Impact),Custom field (Design Verification Impact),Custom field (Detection SLO),Custom field (Development),Custom field (Device Quantity),Custom field (Device Serial Number),Custom field (Device Used?),Custom field (EM owner),Custom field (Effort),Custom field (Email),Custom field (Employee ID),Custom field (End Date),Custom field (Engineering - Change Affects Technical Design),Custom field (Engineering - Launcher’s Assessment & Context on Review Request),Custom field (Engineering - New Software Product),Custom field (Engineering - No Technical Change Justification),Custom field (Engineering TTA),Custom field (Engineering TTFR),Custom field (Engineering TTR),Custom field (Epic Color),Custom field (Epic Description (Legacy)),Custom field (Epic Name),Custom field (Epic Person-Week (AUTO)),Custom field (Epic Status),Custom field (Expected Behavior (CTMS)),Custom field (External Communications Lead (eCL)),Custom field (External issue ID),Custom field (Feature Overview),Custom field (Feature Stage),Custom field (Finding Severity),Custom field (First meaningful response),Custom field (Focus Areas),Custom field (Format),Custom field (Global Stack Rank),Custom field (Global Stack Rank (Read Only)),Custom field (Goals),Custom field (Google Workspace Request Type),Custom field (HIPAA Breach Risk Assessment Doc link),Custom field (Hardware),Custom field (Hiring manager),Custom field (I18N/L10N Concerns),Custom field (ISAO Change Actual End),Custom field (ISAO Change Actual Start),Custom field (ISAO Change Approver 1),Custom field (ISAO Change Approver 2),Custom field (ISAO Change Backout Plan),Custom field (ISAO Change Implementation Plan),Custom field (ISAO Change Outcome),Custom field (ISAO Change Reason),Custom field (ISAO Change Result),Custom field (ISAO Change Test Plan),Custom field (ISAO Change Type),Custom field (IT - Function/Feature Support),Custom field (IT - IT Review in Scope),Custom field (IT - Launcher’s Assessment & Context on Review Request),Custom field (IT - Repair Support),Custom field (IT - Salesforce Modifications),Custom field (IT - User Accounts/Access),Custom field (ITEA TTA),Custom field (ITEA TTFR),Custom field (ITEA TTR),Custom field (Idea archived),Custom field (Idea archived on),Custom field (Idea short description),Custom field (Impact),Custom field (Impact),Custom field (Impact (migrated 2)),Custom field (Impact Score),Custom field (Impact score),Custom field (Impact score),Custom field (Implementation),Custom field (Implementation plan),Custom field (Incident Commander (IC)),Custom field (Incident Disposition),Custom field (Incident Ops Doc link),Custom field (Incident Triage Doc link),Custom field (Initiative Person-Week Sum (AUTO)),Custom field (Initiative Size (AUTO) ),Custom field (Insights),Custom field (Internal Services Dependencies),Custom field (Investigation details/Root Cause/Fix description),Custom field (Investigation reason),Custom field (Issue Template),Custom field (Issue color),Custom field (Jira Execution Readiness),Custom field (Job role),Custom field (Launch Category),Custom field (Launch Category (AUTO)),Custom field (Launch Completed),Custom field (Launch Date),Custom field (Launch Doc link),Custom field (Launch Doc link (AUTO)),Custom field (Launch Plan Concerns),Custom field (Launch Target),Custom field (Launch Target (AUTO)),Custom field (Launch URL),Custom field (Legal - External Launch),Custom field (Legal - Joint Launch with Collaborator),Custom field (Legal - Launcher’s Assessment & Context on Review Request),Custom field (Legal - New Jurisdictions & Minors),Custom field (Legal - New Product or Functionality),Custom field (Legal Lead (LL)),Custom field (Legal Preview),Custom field (Lessons Learned),Custom field (Libraries Dependencies),Custom field (Linked Requirement IDs),Custom field (Linked items),Custom field (Location),Custom field (Locked forms),Custom field (Lot Number),Custom field (MPS SC - ITCRM JSM),Custom field (MPS SC - ITCRM JSM 2),Custom field (MPS SC - ITCRM JSM 3),Custom field (Major incident),Custom field (Market problem),Custom field (Marketing Requirements Document ID),Custom field (Marketing/Comms - Enrollment/Registration Changes),Custom field (Marketing/Comms - Launcher’s Assessment & Context on Review Request),Custom field (Marketing/Comms - New External Publishing),Custom field (Marketing/Comms - New Naming/Brand),Custom field (Marketing/Comms - New Sub/Domains),Custom field (Marketing/Comms - Support Required),Custom field (Marketing/Comms - Technical Docs on verily.com),Custom field (Marketing/Comms - Website Updates),Custom field (Mitigation SLO),Custom field (Mobile Support Category),Custom field (Mocks Link),Custom field (Mocks Link),Custom field (Mocks Link (AUTO)),Custom field (Mocks link),Custom field (Monitoring / Dashboards Concerns),Custom field (NPI Issue Category),Custom field (NPI Record Date),Custom field (NPI UX Phase),Custom field (Number of Primary Systems (AUTO)),Custom field (Number of Supporting Systems (AUTO)),Custom field (Objective evidence link),Custom field (On Hold Reason),Custom field (Onlink Azure App User Groups),Custom field (Onlink Jumpcloud App User Groups),Custom field (Onlink Okta App User Groups),Custom field (Open Questions),Custom field (Open forms),Custom field (Operational categorization),Custom field (Operations Lead (OL)),Custom field (Other Resources Concerns),Custom field (Overall Design Doc Link),Custom field (PA Lead - Impact),Custom field (PA Lead - Launcher’s Assessment & Context on Review Request),Custom field (PM owner),Custom field (PRD link),Custom field (PWG Privacy Assessment),Custom field (PWG Review Date (AUTO)),Custom field (PWG Reviewer (AUTO)),Custom field (Parent GSR),Custom field (Parent GSR (Read Only)),Custom field (Part Number),Custom field (Part Number Revision),Custom field (Patch Publication Date),Custom field (Pending Review Count (AUTO)),Custom field (Pending reason),Custom field (Phone number),Custom field (Planned end),Custom field (Planned start),Custom field (Planning Lead (PL)),Custom field (Planning Stage),Custom field (Platform),Custom field (Portfolio/Brand and Products),Custom field (Post Production Impact),Custom field (Previous team id),Custom field (Primary Entity),Custom field (Primary Entity (AUTO)),Custom field (Privacy - Data Classification),Custom field (Privacy - Launcher’s Assessment & Context on Review Request),Custom field (Privacy - New Compliance Request),Custom field (Privacy - New Customer or Consent Experience),Custom field (Privacy - New Data Processing),Custom field (Privacy - New Data Sharing),Custom field (Privacy - New External Data),Custom field (Privacy - New Geography),Custom field (Privacy - New Retention),Custom field (Privacy - New Storage Location),Custom field (Privacy - New Turndown),Custom field (Privacy - OneTrust Assessment ID),Custom field (Privacy - OneTrust Assessment ID (AUTO)),Custom field (Privacy - OneTrust Privacy Impact Assessment Link),Custom field (Privacy - OneTrust Privacy Impact Assessment Link (AUTO)),Custom field (Privacy - OneTrust Result (AUTO)),Custom field (Privacy - OneTrust Stage (AUTO)),Custom field (Privacy - PHI),Custom field (Privacy - PII),Custom field (Privacy - PII/PHI),Custom field (Privacy - Partner Data Processing),Custom field (Privacy - S-PII),Custom field (Privacy Concerns),Custom field (Privacy Impact),Custom field (Privacy LGTM),Custom field (Privacy Preview),Custom field (Privacy/Security Risk Rating),Custom field (Product - Impact),Custom field (Product - Launcher’s Assessment & Context on Review Request),Custom field (Product Area),Custom field (Product Area (AUTO)),Custom field (Product LGTM),Custom field (Product Labeling Impact),Custom field (Product categorization),Custom field (Progress State),Custom field (Project Name),Custom field (Project overview key),Custom field (Project overview status),Custom field (Project start),Custom field (Project target),Custom field (Project/Feature),Custom field (Quality - CSV Classified Product),"Custom field (Quality - Development, Production, Distribution)","Custom field (Quality - Device, Platform, System)",Custom field (Quality - Launcher’s Assessment & Context on Review Request),Custom field (Quality - Optional Review),Custom field (Quality - Product / System Classification),Custom field (Quality - Product / System Classification and Dependencies - OneVerily),Custom field (Quality - QMS Processes),Custom field (Quality - QMS Tasks and Activities),Custom field (Quality - Significance of Change / Feature - OneVerily),Custom field (Quality Eng LGTM),Custom field (R/Y/G),Custom field (Rank),Custom field (Reason Bug Was Missed by Automated Tests),Custom field (Refurbish/Redistribution Needed?),Custom field (Regulatory - Impact),Custom field (Regulatory - Launcher’s Assessment & Context on Review Request),Custom field (Regulatory LGTM),Custom field (Release Notes Link),Custom field (Relevant Parties),Custom field (Removed/Unassigned Verily Clinical/Health Platform? (Y/N)),Custom field (Removed/Unassigned from Sensor Registry? (Y/N)),Custom field (Reporter by Email),Custom field (Request Details),Custom field (Request Type),Custom field (Request language),Custom field (Request participants),Custom field (Required 3P Libraries/OSS Review (AUTO)),Custom field (Required Accessibility Review (AUTO)),Custom field (Required Clinical Review (AUTO)),Custom field (Required Customer Support Review (AUTO)),Custom field (Required Data Management Review (AUTO)),Custom field (Required Engineering Review (AUTO)),Custom field (Required IT Review (AUTO)),Custom field (Required Legal Review (AUTO)),Custom field (Required Marketing and Communications Review (AUTO)),Custom field (Required PA Lead Review (AUTO)),Custom field (Required Privacy Review (AUTO)),Custom field (Required Product Review (AUTO)),Custom field (Required Quality Review (AUTO)),Custom field (Required Regulatory Review (AUTO)),Custom field (Required Research Review (AUTO)),Custom field (Required Security Review (AUTO)),Custom field (Required UX Design Review (AUTO)),Custom field (Required UX Research Review (AUTO)),Custom field (Required Verily IP Review (AUTO)),Custom field (Requirement(s) Impact),Custom field (Requirements Link),Custom field (Research - Electronic Health Record Transfer),Custom field (Research - Existing Study with Data Impacts),Custom field (Research - Human Data),Custom field (Research - Impact Clinical Study),Custom field (Research - Institutional Review Board Required),Custom field (Research - Launcher’s Assessment & Context on Review Request),Custom field (Research - New Study with Human Subject),Custom field (Research - Verily Employee Data),Custom field (Resolution SLO),Custom field (Resolution of 3P Libraries/OSS Review (AUTO)),Custom field (Resolution of Accessibility Review (AUTO)),Custom field (Resolution of Clinical Review (AUTO)),Custom field (Resolution of Customer Support Review (AUTO)),Custom field (Resolution of Data Management Review (AUTO)),Custom field (Resolution of Engineering Review (AUTO)),Custom field (Resolution of IT Review (AUTO)),Custom field (Resolution of Legal Review (AUTO)),Custom field (Resolution of Marketing and Communications Review (AUTO)),Custom field (Resolution of PA Lead Review (AUTO)),Custom field (Resolution of Privacy Review (AUTO)),Custom field (Resolution of Product Review (AUTO)),Custom field (Resolution of Quality Review (AUTO)),Custom field (Resolution of Regulatory Review (AUTO)),Custom field (Resolution of Research Review (AUTO)),Custom field (Resolution of Security Review (AUTO)),Custom field (Resolution of UX Design Review (AUTO)),Custom field (Resolution of UX Research Review (AUTO)),Custom field (Resolution of Verily IP Review (AUTO)),Custom field (Resource Identifier),Custom field (Resource Scope),Custom field (Responders),Custom field (Retrospective Disposition),Custom field (Retrospective Document Link),Custom field (Retrospective SLO),Custom field (Reviews Opened),Custom field (Reviews per Launch Type),Custom field (Revision),Custom field (Risk - 3P Libraries/OSS),Custom field (Risk - Accessibility),Custom field (Risk - Clinical),Custom field (Risk - Customer Support),Custom field (Risk - Data Management),Custom field (Risk - Engineering),Custom field (Risk - IT),Custom field (Risk - Legal),Custom field (Risk - Marketing and Communications),Custom field (Risk - PA Lead),Custom field (Risk - Privacy),Custom field (Risk - Product),Custom field (Risk - Quality),Custom field (Risk - Regulatory),Custom field (Risk - Research),Custom field (Risk - Security),Custom field (Risk - UX Design),Custom field (Risk - UX Research),Custom field (Risk - Verily IP),Custom field (Risk consequence),Custom field (Risk probability),Custom field (Risks Concerns),Custom field (Roadmap),Custom field (Role),Custom field (Root cause),Custom field (SCR Change Record),Custom field (SCR Change Record (AUTO)),Custom field (SECVULN Resource Name),Custom field (SECVULN Subscription Name),Custom field (SETI TTA),Custom field (SETI TTFR),Custom field (SETI TTR),Custom field (SLA/SLO/SLI Concerns),Custom field (SaaS TTA),Custom field (SaaS TTFR),Custom field (SaaS TTR),Custom field (Safety Risk Impact),Custom field (Safety Risk Rating),Satisfaction rating,Custom field (Satisfaction date),Custom field (Schema Changes / Data Migration),Custom field (Security - 100+ Users),Custom field (Security - Audience Details),Custom field (Security - Class II/III Medical Device),Custom field (Security - Commercial Launch),Custom field (Security - Commercial Launch Type),Custom field (Security - Critical Changes),Custom field (Security - Design Impact),Custom field (Security - Deviation from Standard Infrastructure),Custom field (Security - External General Public Launch),Custom field (Security - First Launch Related To This Product),Custom field (Security - HIPAA Security Impacting),Custom field (Security - Impact by Regulation),Custom field (Security - Impact to Sensitive Data Types),Custom field (Security - Launcher’s Assessment & Context on Review Request),Custom field (Security - Minor Launch),Custom field (Security - New Risks),Custom field (Security - Non-Impacting),Custom field (Security - Non-Impacting Attestation),Custom field (Security - OneTrust HIPAA Security Assessment ID),Custom field (Security - OneTrust HIPAA Security Assessment ID (AUTO)),Custom field (Security - OneTrust HIPAA Security Assessment Link),Custom field (Security - OneTrust HIPAA Security Assessment Link (AUTO)),Custom field (Security - Partner Owned/Developed Code),Custom field (Security - Review Building Scope),Custom field (Security - Review Objective),Custom field (Security - Review Objective Details),Custom field (Security - Safe/Low-Risk Changes),Custom field (Security - User Size Details),Custom field (Security - Web/API/Mobile App),Custom field (Security - Web/API/Mobile App Details),Custom field (Security Concerns),Custom field (Security Exception Status),Custom field (Security LGTM),Custom field (Security Preview),Custom field (Security Risk Impact),Custom field (Sentiment),Custom field (Service Request Type),Custom field (Severity),Custom field (Show Sprint Dates),Custom field (Signature Count),Custom field (Signature Export),Custom field (Signature Pending),Custom field (Signature Status Count),Custom field (Signatures Finalized),Custom field (Signed By),Custom field (Signed On),Custom field (Size),Custom field (Slack Request Type),Custom field (Slack Request Type - JSM),Custom field (Software Under Test),Custom field (Source),Sprint,Custom field (Start date),Custom field (Steps to Reproduce (CTMS)),Custom field (Storage Growth Concerns),Custom field (Story Points),Custom field (Story point estimate),Custom field (Study Site),Custom field (Submitted forms),Custom field (Sum Story Points Below Epic),Custom field (Supplier Qualification),Custom field (Support TTA),Custom field (Support TTFR),Custom field (Support TTR),Custom field (Supporting Doc Link),Custom field (System Architecture & Interaction Diagram),Custom field (System Architecture & Interaction Doc link),Custom field (System End User LGTM),Custom field (System Load Concerns),Custom field (T-Shirt Size),Custom field (T1 Time to assignment),Custom field (T1 Time to first response),Custom field (T1 Time to resolution),Custom field (T2 Time to assignment),Custom field (T2 Time to first response),Custom field (T2 Time to resolution),Custom field (T3 Time to assignment),Custom field (T3 Time to first response),Custom field (T3 Time to resolution),Custom field (TE owner),Custom field (TPM owner),Custom field (Target end),Custom field (Target start),Custom field (Task Category),Custom field (Task progress),Team Id,Team Name,Custom field (Tech Lead LGTM),Custom field (Technical-External Facing Documents Link),Custom field (Tenable Agent UUID),Custom field (Tenable Asset UUID),Custom field (Tenable BID),Custom field (Tenable CVE),Custom field (Tenable CVSSv2 Base Score),Custom field (Tenable CVSSv2 Temporal Score),Custom field (Tenable CVSSv3 Base Score),Custom field (Tenable CVSSv3 Temporal Score),Custom field (Tenable Device Type),Custom field (Tenable Exploitability Ease),Custom field (Tenable FQDN),Custom field (Tenable First Found),Custom field (Tenable Hostname),Custom field (Tenable IPv4),Custom field (Tenable IPv6),Custom field (Tenable Last Fixed),Custom field (Tenable MAC Address),Custom field (Tenable MS Bulletin),Custom field (Tenable NetBIOS Name),Custom field (Tenable Operating System),Custom field (Tenable Plugin Family),Custom field (Tenable Plugin ID),Custom field (Tenable Plugin Name),Custom field (Tenable Plugin Output),Custom field (Tenable Port),Custom field (Tenable Protocol),Custom field (Tenable Service),Custom field (Tenable Severity),Custom field (Tenable Short Description),Custom field (Tenable Solution),Custom field (Tenable Source),Custom field (Tenable State),Custom field (Tenable VPR Score),Custom field (Tenable Vulnerability Title),Custom field (Test Plan Concerns),Custom field (Test Protocol Link),Custom field (Test State (CTMS)),Custom field (Test plan),Custom field (Test_text_jsm),Custom field (Third Party Services Dependencies),Custom field (Tier 1 TTA),Custom field (Tier 1 TTFR),Custom field (Tier 1 TTR),Custom field (Tier 2 TTA),Custom field (Tier 2 TTFR),Custom field (Tier 2 TTR),Custom field (Tier 3 TTA),Custom field (Tier 3 TTFR),Custom field (Tier 3 TTR),Custom field (Time to assignment),Custom field (Time to close after resolution),Custom field (Time to first approval),Custom field (Time to first response),Custom field (Time to resolution),Custom field (Time to review normal change),Custom field (Title),Custom field (Tool Validation Impact),Custom field (Total forms),Custom field (Triage SLO),Custom field (Type of Cert - ISAO),Custom field (UX - Accessibility Review Applicable),Custom field (UX - Launch / Change External UI),Custom field (UX - Launching UX Study),Custom field (UX Design - Launcher’s Assessment & Context on Review Request),Custom field (UX Research - Launcher’s Assessment & Context on Review Request),Custom field (UX owner),Custom field (Urgency),Custom field (User Need(s) Impact),Custom field (VCM Complaint ID),Custom field (VTSS Onsite),Custom field (VTSS Onsite TTA),Custom field (VTSS Onsite TTFR),Custom field (VTSS Onsite TTR),Custom field (VTSS Remote TTA),Custom field (VTSS Remote TTFR),Custom field (VTSS Remote TTR),Custom field (VTSS TTA),Custom field (VTSS TTFR),Custom field (VTSS TTR),Custom field (Verification Deviations or Comments),Custom field (Verification Status),Custom field (Verifier),Custom field (Verily IP - Impact),Custom field (Verily IP - Launcher’s Assessment & Context on Review Request),Custom field (Vote),Custom field (Votes),Custom field (Votes),Custom field (Vulnerability),Custom field (Vulnerability First Seen),Custom field (Vulnerability Last Fixed),Custom field (Vulnerability Last Seen),Custom field (Vulnerability Port),Custom field (Vulnerability Protocol),Custom field (Vulnerability Severity),Custom field (Vulnerability State),Custom field (WCAG Level),Custom field (WIAM),Custom field (WIAM TTA),Custom field (WIAM TTFR),Custom field (WIAM TTR),Custom field (Website),Custom field (Work category),Custom field (Workaround),Custom field (Workaround (CTMS)),Custom field ([CHART] Date of First Response),Custom field ([CHART] Time in Status),Custom field ([DEPRECATED] ATL Score JPD),Custom field ([DEPRECATED] Jira State JPD),Custom field ([VTS] Complaint ID),Custom field ([VTS] Device OS Version),Custom field ([VTS] Device Type),Custom field ([VTS] Issue Domain),Custom field ([VTS] Issue Occurrence Time),Custom field ([VTS] Resolution Detail),Custom field ([VTS] Resolution Domain),Custom field ([VTS] Serial Number),Custom field ([VTS] Site),Custom field ([VTS] Stargazer issue category),Custom field ([VTS] Study),Custom field ([VTS] VUS Case Number),Custom field (gMail Support),Comment,Parent,Parent key,Parent summary,Status Category,Status Category Changed
[Device] Support 'last updated' timestamp when in ListBiometricsMeasurements ,ONEVERILY-106988,663626,Task,New,ONEVERILY, OneVerily,software,Ben Malott,633e197b14c6b4b2211027e0,,,P2,,Anne Oursler,64078ade0a4a47fb8d23e3f3,Wendy Chu,5c3e53460ecffa5e96d9a9fa,Wendy Chu,5c3e53460ecffa5e96d9a9fa,2026-01-26 11:53 AM,2026-02-03 08:14 AM,2026-03-30 12:01 PM,,Device,,0,"h1. Background

[ListBiometricsMeasurementsRequest|https://github.com/verily-src/verily1/blob/f0898f24a36623570fb1b2cae93f5a059121c9d6/device/healthdata/api/v1/biometrics-measurements.proto#L99C9-L99C42] currently does not support limiting the set of the returned results. App BFF is fetching all the [blood pressure data|https://github.com/verily-src/verily1/blob/7339230aa23f6da9001a5e15c8917cbae1be76bf/verily-me/app/bff/internal/translator/healthdata.go#L22] and the mobile client dedupes the data before persisting them in a local DB. There isn’t a lot of BP data, so for the time being, fetch all data is ok.

But as part of [https://verily.atlassian.net/browse/ONEVERILY-93896|https://verily.atlassian.net/browse/ONEVERILY-93896|smart-link] , blood glucose is being added to [ListBiometricsMeasurements|https://github.com/verily-src/verily1/blob/f0898f24a36623570fb1b2cae93f5a059121c9d6/device/healthdata/api/v1/healthdata_service.proto#L39] and eventually CGM data. Fetching all the data on every request will be inefficient for mobile clients.

h1. Proposal solution

This ticket is to add a filtering capability to [ListBiometricsMeasurements|https://github.com/verily-src/verily1/blob/f0898f24a36623570fb1b2cae93f5a059121c9d6/device/healthdata/api/v1/healthdata_service.proto#L39] to allow fetching a subset of data based on a “last updated time”. Device system should return only the set of data that have been updated in FHIR based on the timestamp specified in the request. If a timestamp is not specified, Device should return all the data.

More details in the [App’s Blood Glucose design doc|https://docs.google.com/document/d/1Jy8bhHv37Hx3JrXLDkuXQSieYWkxNIKfpVzRnh5Vb_M/edit?tab=t.0#heading=h.ao2qa0ne8ag3].",,Jesse O'Connor,Wendy Chu,712020:4acc8b26-00ea-457f-9094-d53585d54082,5c3e53460ecffa5e96d9a9fa,,,,,,,,,,,,,,,,,,,,,,,com.atlassian.servicedesk.plugins.approvals.internal.customfield.ApprovalsCFValue@7dcf9405,,,,,,,,,,,,,,,,,,,,,,,,,,,,,,,,,,,,,,,,,,,,,,,,,,,,,,,,,,,,,,,,,,,,,,,,,,,,,,,,,,,,,,,,,,,,,,,,,,,,,,,,,,,,,,,,,,,,,,,,,,,,,,,,,,{},,,,,,,,,,,,,,,,,"{panel:title=Executive Summary|borderStyle=solid|borderColor=#5F7C8A |titleBGColor=#BA2A50 |bgColor=#5F7C8A}
_add summary here_
{panel}

{panel:title=Business Value |borderStyle=solid|borderColor=#5F7C8A|titleBGColor=#2861FF |bgColor=#5F7C8A}
_add business value here_
{panel}

{panel:title=Customers |borderStyle=solid|borderColor=#5F7C8A|titleBGColor=#611C7D |bgColor=#5F7C8A}
* customer1
* customer2
{panel}",,,,,,,,,,,,,,,,,,,,,,,,,,,,,,,,,,,,,,,,,,,,,,,,,,,,,,,,,,,,,,,,,,,,,,,,,,,,,,,,,,,,,,,,,,,,,,,,,,,,,,,,,,,,,,,,,,,,,,,,,,,,,,,,,,,,,,,,,,,,,,,,,,,,,,,,,,,,,,,,,,,,,,,,,,,,,,,,,,,,,,,,,,,,,,,,,,,,,,,,,,,,,2|i0qu6z:y,,,,,,,,,,,,,,,,,,,,,,,,,,,,,,,,,,,,,,,,,,,,,,,,,,,,,,,,,,,,,,,,,,,,,,,,,,,,,,,,,,,,,,,,,,,,,,,,,,,,,,,,,,,,,,,,,,,,,,,,,,,,,,,,,,,,,,,,,,,,,,,,,,,,,,,,,,,,,,,,,,,,,Eng Please Refine Me,,,,,,,,,,,,,,,,,,,,,,,,,,,,,,,,,,,,,,,,,,,,,,,,,,,,,,,,,,,,,,,,,,,,,,,,,,,,,,,,,,,,,,,,,,,,,,,,,,,,,,,,,,,,,,,,,,,,,,,,,,,,,,,,,,,,,,,,,,,,,,2026-02-03 16:14:54.85,,,,,,,,,,,,,,,,,2026-02-03 08:14 AM;712020:4acc8b26-00ea-457f-9094-d53585d54082;Wrote up a design doc for devices: [https://docs.google.com/document/d/1l0kKtffUSv3ebti47NG07QM_0U1nsfaSb-_j0Hb06R8/edit?disco=AAABvJ98qvQ|https://docs.google.com/document/d/1l0kKtffUSv3ebti47NG07QM_0U1nsfaSb-_j0Hb06R8/edit?disco=AAABvJ98qvQ|smart-link] ,663646,ONEVERILY-106996,[Device] Support filtering by LastUpdated timestamp through device/healthdata service,To Do,2026-01-26 11:53 AM
"Proto - Add `lastUpdated`, `sortBy` and `sortOrder` to BE ListBiometricMeasurementsRequest proto",ONEVERILY-114476,720274,Task,In Progress,ONEVERILY, OneVerily,software,Ben Malott,633e197b14c6b4b2211027e0,,,P2,,Jesse O'Connor,712020:4acc8b26-00ea-457f-9094-d53585d54082,Kara Yimoyines,712020:6e9977ec-3a5d-4f1c-87c7-12106644977c,Kara Yimoyines,712020:6e9977ec-3a5d-4f1c-87c7-12106644977c,2026-03-03 10:38 AM,2026-04-01 08:41 AM,2026-04-01 11:45 AM,,Device,,0,,,Kara Yimoyines,,712020:6e9977ec-3a5d-4f1c-87c7-12106644977c,,,,,,,,,,,,,,,,,,,,,,,,com.atlassian.servicedesk.plugins.approvals.internal.customfield.ApprovalsCFValue@641e2fba,,,,,,,,,,,,,,,,,,,,,,,,,,,,,,,,,,,,,,,,,,,,,,,,,,,,,,,,,,,,,,,,,,,,,,,,,,,,,,,,,,,,,,,,,,,,,,,,,,,,,,,,,,,,,,,,,,,,,,,,,,,,,,,,,,{},,,,,,,,,,,,,,,,,"{panel:title=Executive Summary|borderStyle=solid|borderColor=#5F7C8A |titleBGColor=#BA2A50 |bgColor=#5F7C8A}
_add summary here_
{panel}

{panel:title=Business Value |borderStyle=solid|borderColor=#5F7C8A|titleBGColor=#2861FF |bgColor=#5F7C8A}
_add business value here_
{panel}

{panel:title=Customers |borderStyle=solid|borderColor=#5F7C8A|titleBGColor=#611C7D |bgColor=#5F7C8A}
* customer1
* customer2
{panel}",,,,,,,,,,,,,,,,,,,,,,,,,,,,,,,,,,,,,,,,,,,,,,,,,,,,,,,,,,,,,,,,,,,,,,,,,,,,,,,,,,,,,,,,,,,,,,,,,,,,,,,,,,,,,,,,,,,,,,,,,,,,,,,,,,,,,,,,,,,,,,,,,,,,,,,,,,,,,,,,,,,,,,,,,,,,,,,,,,,,,,,,,,,,,,,,,,,,,,,,,,,,,2|i15fqd:zv,,,,,,,,,,,,,,,,,,,,,,,,,,,,,,,,,,,,,,,,,,,,,,,,,,,,,,,,,,,,,,,,,,,,,,,,,,,,,,,,,,,,,,,,,,,,,,,,,,,,,,,,,,,,,,,,,,,,,,,,,,,,,,,,,,,,,,,,,,,,,,,,,,,,,,,,,,,,,,,,,,,,,Device Q2 2026 Sprint 1,2026-04-01 12:00 AM,,,2.0,,,,,,,,,,,,,,,,,,,,,,,,,,,,,,fab964b5-70b3-408a-ac92-89a989ef1134,[Squad] Device,,,,,,,,,,,,,,,,,,,,,,,,,,,,,,,,,,,,,,,,,,,,,,,,,,,,,,,,,,,,,,,,,,,,,,,,,,,,,,,,,,,,,,,,,,,,,,,,,,,,,,,,,,,,,,,,,,,,,,,,,,,,,663646,ONEVERILY-106996,[Device] Support filtering by LastUpdated timestamp through device/healthdata service,In Progress,2026-04-01 08:41 AM
Proto - Expose and populate `lastUpdated` on biometric measurements,ONEVERILY-114478,720285,Task,New,ONEVERILY, OneVerily,software,Ben Malott,633e197b14c6b4b2211027e0,,,P2,,Jesse O'Connor,712020:4acc8b26-00ea-457f-9094-d53585d54082,Kara Yimoyines,712020:6e9977ec-3a5d-4f1c-87c7-12106644977c,Kara Yimoyines,712020:6e9977ec-3a5d-4f1c-87c7-12106644977c,2026-03-03 10:39 AM,2026-03-30 11:57 AM,2026-03-30 12:01 PM,,Device,,0,,,Kara Yimoyines,,712020:6e9977ec-3a5d-4f1c-87c7-12106644977c,,,,,,,,,,,,,,,,,,,,,,,,com.atlassian.servicedesk.plugins.approvals.internal.customfield.ApprovalsCFValue@64fd40b1,,,,,,,,,,,,,,,,,,,,,,,,,,,,,,,,,,,,,,,,,,,,,,,,,,,,,,,,,,,,,,,,,,,,,,,,,,,,,,,,,,,,,,,,,,,,,,,,,,,,,,,,,,,,,,,,,,,,,,,,,,,,,,,,,,{},,,,,,,,,,,,,,,,,"{panel:title=Executive Summary|borderStyle=solid|borderColor=#5F7C8A |titleBGColor=#BA2A50 |bgColor=#5F7C8A}
_add summary here_
{panel}

{panel:title=Business Value |borderStyle=solid|borderColor=#5F7C8A|titleBGColor=#2861FF |bgColor=#5F7C8A}
_add business value here_
{panel}

{panel:title=Customers |borderStyle=solid|borderColor=#5F7C8A|titleBGColor=#611C7D |bgColor=#5F7C8A}
* customer1
* customer2
{panel}",,,,,,,,,,,,,,,,,,,,,,,,,,,,,,,,,,,,,,,,,,,,,,,,,,,,,,,,,,,,,,,,,,,,,,,,,,,,,,,,,,,,,,,,,,,,,,,,,,,,,,,,,,,,,,,,,,,,,,,,,,,,,,,,,,,,,,,,,,,,,,,,,,,,,,,,,,,,,,,,,,,,,,,,,,,,,,,,,,,,,,,,,,,,,,,,,,,,,,,,,,,,,2|i15fqd:zx,,,,,,,,,,,,,,,,,,,,,,,,,,,,,,,,,,,,,,,,,,,,,,,,,,,,,,,,,,,,,,,,,,,,,,,,,,,,,,,,,,,,,,,,,,,,,,,,,,,,,,,,,,,,,,,,,,,,,,,,,,,,,,,,,,,,,,,,,,,,,,,,,,,,,,,,,,,,,,,,,,,,,Device Q2 2026 Sprint 1,,,,1.0,,,,,,,,,,,,,,,,,,,,,,,,,,,,,,fab964b5-70b3-408a-ac92-89a989ef1134,[Squad] Device,,,,,,,,,,,,,,,,,,,,,,,,,,,,,,,,,,,,,,,,,,,,,,,,,,,,,,,,,,,,,,,,,,,,,,,,,,,,,,,,,,,,,,,,,,,,,,,,,,,,,,,,,,,,,,,,,,,,,,,,,,,,,663646,ONEVERILY-106996,[Device] Support filtering by LastUpdated timestamp through device/healthdata service,To Do,2026-03-03 10:39 AM
"BE - Support sorting by lastUpdated, ensure a safe-harbor default",ONEVERILY-114479,720290,Task,New,ONEVERILY, OneVerily,software,Ben Malott,633e197b14c6b4b2211027e0,,,P2,,Jesse O'Connor,712020:4acc8b26-00ea-457f-9094-d53585d54082,Kara Yimoyines,712020:6e9977ec-3a5d-4f1c-87c7-12106644977c,Kara Yimoyines,712020:6e9977ec-3a5d-4f1c-87c7-12106644977c,2026-03-03 10:40 AM,2026-03-30 11:57 AM,2026-03-30 12:01 PM,,Device,,0,,,Kara Yimoyines,,712020:6e9977ec-3a5d-4f1c-87c7-12106644977c,,,,,,,,,,,,,,,,,,,,,,,,com.atlassian.servicedesk.plugins.approvals.internal.customfield.ApprovalsCFValue@b8a1d9e,,,,,,,,,,,,,,,,,,,,,,,,,,,,,,,,,,,,,,,,,,,,,,,,,,,,,,,,,,,,,,,,,,,,,,,,,,,,,,,,,,,,,,,,,,,,,,,,,,,,,,,,,,,,,,,,,,,,,,,,,,,,,,,,,,{},,,,,,,,,,,,,,,,,"{panel:title=Executive Summary|borderStyle=solid|borderColor=#5F7C8A |titleBGColor=#BA2A50 |bgColor=#5F7C8A}
_add summary here_
{panel}

{panel:title=Business Value |borderStyle=solid|borderColor=#5F7C8A|titleBGColor=#2861FF |bgColor=#5F7C8A}
_add business value here_
{panel}

{panel:title=Customers |borderStyle=solid|borderColor=#5F7C8A|titleBGColor=#611C7D |bgColor=#5F7C8A}
* customer1
* customer2
{panel}",,,,,,,,,,,,,,,,,,,,,,,,,,,,,,,,,,,,,,,,,,,,,,,,,,,,,,,,,,,,,,,,,,,,,,,,,,,,,,,,,,,,,,,,,,,,,,,,,,,,,,,,,,,,,,,,,,,,,,,,,,,,,,,,,,,,,,,,,,,,,,,,,,,,,,,,,,,,,,,,,,,,,,,,,,,,,,,,,,,,,,,,,,,,,,,,,,,,,,,,,,,,,2|i15fqd:zy,,,,,,,,,,,,,,,,,,,,,,,,,,,,,,,,,,,,,,,,,,,,,,,,,,,,,,,,,,,,,,,,,,,,,,,,,,,,,,,,,,,,,,,,,,,,,,,,,,,,,,,,,,,,,,,,,,,,,,,,,,,,,,,,,,,,,,,,,,,,,,,,,,,,,,,,,,,,,,,,,,,,,Device Q2 2026 Sprint 1,,,,2.0,,,,,,,,,,,,,,,,,,,,,,,,,,,,,,fab964b5-70b3-408a-ac92-89a989ef1134,[Squad] Device,,,,,,,,,,,,,,,,,,,,,,,,,,,,,,,,,,,,,,,,,,,,,,,,,,,,,,,,,,,,,,,,,,,,,,,,,,,,,,,,,,,,,,,,,,,,,,,,,,,,,,,,,,,,,,,,,,,,,,,,,,,,,663646,ONEVERILY-106996,[Device] Support filtering by LastUpdated timestamp through device/healthdata service,To Do,2026-03-03 10:40 AM
BE - Query for observations whos `lastUpdated` is gt `updatedSince`,ONEVERILY-114481,720293,Task,New,ONEVERILY, OneVerily,software,Ben Malott,633e197b14c6b4b2211027e0,,,P2,,Jesse O'Connor,712020:4acc8b26-00ea-457f-9094-d53585d54082,Kara Yimoyines,712020:6e9977ec-3a5d-4f1c-87c7-12106644977c,Kara Yimoyines,712020:6e9977ec-3a5d-4f1c-87c7-12106644977c,2026-03-03 10:41 AM,2026-03-30 11:57 AM,2026-03-30 12:01 PM,,Device,,0,,,Kara Yimoyines,,712020:6e9977ec-3a5d-4f1c-87c7-12106644977c,,,,,,,,,,,,,,,,,,,,,,,,com.atlassian.servicedesk.plugins.approvals.internal.customfield.ApprovalsCFValue@68b91557,,,,,,,,,,,,,,,,,,,,,,,,,,,,,,,,,,,,,,,,,,,,,,,,,,,,,,,,,,,,,,,,,,,,,,,,,,,,,,,,,,,,,,,,,,,,,,,,,,,,,,,,,,,,,,,,,,,,,,,,,,,,,,,,,,{},,,,,,,,,,,,,,,,,"{panel:title=Executive Summary|borderStyle=solid|borderColor=#5F7C8A |titleBGColor=#BA2A50 |bgColor=#5F7C8A}
_add summary here_
{panel}

{panel:title=Business Value |borderStyle=solid|borderColor=#5F7C8A|titleBGColor=#2861FF |bgColor=#5F7C8A}
_add business value here_
{panel}

{panel:title=Customers |borderStyle=solid|borderColor=#5F7C8A|titleBGColor=#611C7D |bgColor=#5F7C8A}
* customer1
* customer2
{panel}",,,,,,,,,,,,,,,,,,,,,,,,,,,,,,,,,,,,,,,,,,,,,,,,,,,,,,,,,,,,,,,,,,,,,,,,,,,,,,,,,,,,,,,,,,,,,,,,,,,,,,,,,,,,,,,,,,,,,,,,,,,,,,,,,,,,,,,,,,,,,,,,,,,,,,,,,,,,,,,,,,,,,,,,,,,,,,,,,,,,,,,,,,,,,,,,,,,,,,,,,,,,,2|i15fqd:zz,,,,,,,,,,,,,,,,,,,,,,,,,,,,,,,,,,,,,,,,,,,,,,,,,,,,,,,,,,,,,,,,,,,,,,,,,,,,,,,,,,,,,,,,,,,,,,,,,,,,,,,,,,,,,,,,,,,,,,,,,,,,,,,,,,,,,,,,,,,,,,,,,,,,,,,,,,,,,,,,,,,,,Device Q2 2026 Sprint 1,,,,2.0,,,,,,,,,,,,,,,,,,,,,,,,,,,,,,fab964b5-70b3-408a-ac92-89a989ef1134,[Squad] Device,,,,,,,,,,,,,,,,,,,,,,,,,,,,,,,,,,,,,,,,,,,,,,,,,,,,,,,,,,,,,,,,,,,,,,,,,,,,,,,,,,,,,,,,,,,,,,,,,,,,,,,,,,,,,,,,,,,,,,,,,,,,,663646,ONEVERILY-106996,[Device] Support filtering by LastUpdated timestamp through device/healthdata service,To Do,2026-03-03 10:41 AM
BE - Support page token for subsequent pages,ONEVERILY-114482,720295,Task,New,ONEVERILY, OneVerily,software,Ben Malott,633e197b14c6b4b2211027e0,,,P2,,Jesse O'Connor,712020:4acc8b26-00ea-457f-9094-d53585d54082,Kara Yimoyines,712020:6e9977ec-3a5d-4f1c-87c7-12106644977c,Kara Yimoyines,712020:6e9977ec-3a5d-4f1c-87c7-12106644977c,2026-03-03 10:41 AM,2026-03-30 11:58 AM,2026-03-30 12:01 PM,,Device,,0,,,Kara Yimoyines,,712020:6e9977ec-3a5d-4f1c-87c7-12106644977c,,,,,,,,,,,,,,,,,,,,,,,,com.atlassian.servicedesk.plugins.approvals.internal.customfield.ApprovalsCFValue@664f39e7,,,,,,,,,,,,,,,,,,,,,,,,,,,,,,,,,,,,,,,,,,,,,,,,,,,,,,,,,,,,,,,,,,,,,,,,,,,,,,,,,,,,,,,,,,,,,,,,,,,,,,,,,,,,,,,,,,,,,,,,,,,,,,,,,,{},,,,,,,,,,,,,,,,,"{panel:title=Executive Summary|borderStyle=solid|borderColor=#5F7C8A |titleBGColor=#BA2A50 |bgColor=#5F7C8A}
_add summary here_
{panel}

{panel:title=Business Value |borderStyle=solid|borderColor=#5F7C8A|titleBGColor=#2861FF |bgColor=#5F7C8A}
_add business value here_
{panel}

{panel:title=Customers |borderStyle=solid|borderColor=#5F7C8A|titleBGColor=#611C7D |bgColor=#5F7C8A}
* customer1
* customer2
{panel}",,,,,,,,,,,,,,,,,,,,,,,,,,,,,,,,,,,,,,,,,,,,,,,,,,,,,,,,,,,,,,,,,,,,,,,,,,,,,,,,,,,,,,,,,,,,,,,,,,,,,,,,,,,,,,,,,,,,,,,,,,,,,,,,,,,,,,,,,,,,,,,,,,,,,,,,,,,,,,,,,,,,,,,,,,,,,,,,,,,,,,,,,,,,,,,,,,,,,,,,,,,,,2|i15fqd:zzi,,,,,,,,,,,,,,,,,,,,,,,,,,,,,,,,,,,,,,,,,,,,,,,,,,,,,,,,,,,,,,,,,,,,,,,,,,,,,,,,,,,,,,,,,,,,,,,,,,,,,,,,,,,,,,,,,,,,,,,,,,,,,,,,,,,,,,,,,,,,,,,,,,,,,,,,,,,,,,,,,,,,,Device Q2 2026 Sprint 1,,,,3.0,,,,,,,,,,,,,,,,,,,,,,,,,,,,,,fab964b5-70b3-408a-ac92-89a989ef1134,[Squad] Device,,,,,,,,,,,,,,,,,,,,,,,,,,,,,,,,,,,,,,,,,,,,,,,,,,,,,,,,,,,,,,,,,,,,,,,,,,,,,,,,,,,,,,,,,,,,,,,,,,,,,,,,,,,,,,,,,,,,,,,,,,,,,663646,ONEVERILY-106996,[Device] Support filtering by LastUpdated timestamp through device/healthdata service,To Do,2026-03-03 10:41 AM
"Integration Tests - Add BE integration tests for lastUpdated, sorting and pagination",ONEVERILY-114483,720297,Task,New,ONEVERILY, OneVerily,software,Ben Malott,633e197b14c6b4b2211027e0,,,P2,,Anne Oursler,64078ade0a4a47fb8d23e3f3,Kara Yimoyines,712020:6e9977ec-3a5d-4f1c-87c7-12106644977c,Kara Yimoyines,712020:6e9977ec-3a5d-4f1c-87c7-12106644977c,2026-03-03 10:42 AM,2026-03-30 12:12 PM,2026-03-30 12:01 PM,,Device,,0,,,Kara Yimoyines,,712020:6e9977ec-3a5d-4f1c-87c7-12106644977c,,,,,,,,,,,,,,,,,,,,,,,,com.atlassian.servicedesk.plugins.approvals.internal.customfield.ApprovalsCFValue@3d72a53a,,,,,,,,,,,,,,,,,,,,,,,,,,,,,,,,,,,,,,,,,,,,,,,,,,,,,,,,,,,,,,,,,,,,,,,,,,,,,,,,,,,,,,,,,,,,,,,,,,,,,,,,,,,,,,,,,,,,,,,,,,,,,,,,,,{},,,,,,,,,,,,,,,,,"{panel:title=Executive Summary|borderStyle=solid|borderColor=#5F7C8A |titleBGColor=#BA2A50 |bgColor=#5F7C8A}
_add summary here_
{panel}

{panel:title=Business Value |borderStyle=solid|borderColor=#5F7C8A|titleBGColor=#2861FF |bgColor=#5F7C8A}
_add business value here_
{panel}

{panel:title=Customers |borderStyle=solid|borderColor=#5F7C8A|titleBGColor=#611C7D |bgColor=#5F7C8A}
* customer1
* customer2
{panel}",,,,,,,,,,,,,,,,,,,,,,,,,,,,,,,,,,,,,,,,,,,,,,,,,,,,,,,,,,,,,,,,,,,,,,,,,,,,,,,,,,,,,,,,,,,,,,,,,,,,,,,,,,,,,,,,,,,,,,,,,,,,,,,,,,,,,,,,,,,,,,,,,,,,,,,,,,,,,,,,,,,,,,,,,,,,,,,,,,,,,,,,,,,,,,,,,,,,,,,,,,,,,2|i15fqd:zzr,,,,,,,,,,,,,,,,,,,,,,,,,,,,,,,,,,,,,,,,,,,,,,,,,,,,,,,,,,,,,,,,,,,,,,,,,,,,,,,,,,,,,,,,,,,,,,,,,,,,,,,,,,,,,,,,,,,,,,,,,,,,,,,,,,,,,,,,,,,,,,,,,,,,,,,,,,,,,,,,,,,,,Device Q2 2026 Sprint 1,,,,3.0,,,,,,,,,,,,,,,,,,,,,,,,,,,,,,fab964b5-70b3-408a-ac92-89a989ef1134,[Squad] Device,,,,,,,,,,,,,,,,,,,,,,,,,,,,,,,,,,,,,,,,,,,,,,,,,,,,,,,,,,,,,,,,,,,,,,,,,,,,,,,,,,,,,,,,,,,,,,,,,,,,,,,,,,,,,,,,,,,,,,,,,,,,,663646,ONEVERILY-106996,[Device] Support filtering by LastUpdated timestamp through device/healthdata service,To Do,2026-03-03 10:42 AM
